ID,심각도,분류,화면,수정 내용,검증 방법
QC-001,Critical,동작불가,홈,히어로 입력을 v-model로 바꾸고 CTA에 할 일 생성 연결 — 입력 없이 누르면 퀵캡처 모달,check9: 입력이 tasks에 저장·제출 후 입력 비움
QC-002,Critical,동작불가,설정>프로필,닉네임 v-model 바인딩·저장 로직·비밀번호 변경 모달(길이/일치 검증)·계정 삭제 확인,check9: 저장 반영·짧은 비번 거부·불일치 거부
QC-003,Critical,동작불가,설정>알림,저장 핸들러와 변경 감지 추가·방해금지 시간을 실제 입력으로 전환,check9: 변경 감지·저장 후 dirty 해제
QC-004,Critical,동작불가,설정>보안,보안 옵션 3종·소셜 연동 토글·기기 로그아웃 구현 (마지막 연동은 해제 차단),check9: 옵션 저장·기기 로그아웃·최소 연동 유지
QC-005,Critical,동작불가,설정>구독,결제수단 변경 모달(카드 4자리·MM/YY 검증)과 해지/재개 플로우 구현,check9: 형식 검증·결제수단 반영·해지/재개
QC-006,Critical,동작불가,채팅방,단독 대화방을 채팅 목록으로 통합하고 예전 링크는 자동 이동,check9: 메시지 전송 동작
QC-007,Critical,동작불가,커뮤니티 만들기,전체 입력 바인딩·공개/가입정책 선택·검증·생성 완료 화면 구현,check9: 이름/정원 검증·생성 완료
QC-008,Critical,동작불가,알림,people 스토어 연결로 모두 읽음·개별 읽음·삭제·바로가기 동작,check9: 모두 읽음 동작
QC-009,Critical,동작불가,일정 템플릿,템플릿 추가/수정/삭제/적용과 검색·분류 필터 구현,check9: 추가·적용·삭제
QC-010,Critical,동작불가,D-Day 관리,ddays 스토어로 통합하고 추가·고정·상세·삭제 구현,check9: 추가가 스토어에 반영
QC-011,Critical,동작불가,친구/공유,친구 요청 수락/거절·친구 삭제·차단 탭 구현,check9: 수락 시 친구 추가·거절 동작
QC-012,High,동작불가,공유 가시성,그룹 목록을 contacts 스토어와 연결하고 저장·변경 감지 구현,check9: 변경 감지·대상 없으면 저장 불가
QC-013,High,동작불가,공유 프리뷰,canvas로 실제 이미지를 그려 PNG 저장·클립보드 복사 구현 (비율 3종 반영),빌드 + 화면 렌더 확인
QC-014,High,동작불가,일간 플래너,날짜 이동·실제 기록 타이머·회고 저장(날짜별 보관) 구현,check9: 일 단위 이동
QC-015,High,동작불가,주간/월간/연간 플래너,공통 plannerDate 스토어로 4개 화면의 기간 이동 통일,check9: 주/월/연 이동·오늘 복귀
QC-016,High,동작불가,집중 모드,실제 타이머(시작·일시정지·초기화·완료 시 세션 기록) 구현,check9: 타이머 동작·완료 시 세션 누적
QC-017,High,동작불가,다이어리 작성,사진 첨부(썸네일 표시·제거)와 하이라이트 토글 구현,빌드 + 렌더 확인
QC-018,High,동작불가,카테고리 통계,탭 선택 상태와 추이 그래프·지표 연동,check9: 탭 전환 시 그래프·지표 변경
QC-019,High,동작불가,관리자>공지,공지 등록/수정/노출전환/삭제와 기간 검증·감사 로그 기록,check9: 역전 기간 거부·등록·감사 로그
QC-020,High,동작불가,채팅 목록,주소록 피커로 새 대화 생성 구현,check9: 새 채팅 생성
QC-021,High,동작불가,프로필 상세,공통 ProfileModal로 대체하고 예전 링크는 주소록으로 이동,LNB 감사 + 렌더 확인
QC-022,High,데이터불일치,채팅,LNB 채팅과 헤더 패널을 people 스토어로 단일화,check9: 한쪽 전송이 양쪽에 반영
QC-023,High,데이터불일치,알림,알림 페이지와 패널을 people 스토어로 단일화,check9: 모두 읽음이 양쪽에 반영
QC-024,High,데이터불일치,D-Day,두 D-Day 화면을 ddays 스토어로 통합,check9: 스토어 공유 확인
QC-025,High,정보구조,LNB,소셜 그룹 21개 → 13개로 축소 (하위 화면 LNB 제외),check9: 소셜 항목 수·LNB 미노출
QC-026,Medium,정보구조,LNB,커뮤니티 하위 5개를 LNB에서 제거하고 탭바로만 접근 (라우트는 유지),check9: LNB 미노출·라우트 존재
QC-027,Medium,정보구조,LNB,일간 다이어리를 다이어리 목록의 작성 버튼으로만 진입하도록 변경,check9: LNB 미노출·진입점 유지
QC-028,Medium,UI깨짐,다크/세피아 테마,템플릿의 비의미 하드코딩 색상 전량 토큰화 (60건 → 0건),check9: 템플릿 내 0건
QC-029,Medium,UI깨짐,월간 플래너,히트맵을 accent 기반 토큰 스케일로 교체하고 날짜 격자를 스토어에서 생성,check9: 42칸 격자·out 표시
QC-030,Medium,미완성,인증 화면,로그인·회원가입·비밀번호 재설정 폼 바인딩과 검증·휴대폰 인증 구현,빌드 + 렌더 확인
QC-031,Medium,미완성,관리자>사용자 관리,ListFilterBar 적용과 정지/해제·강제 로그아웃(감사 로그) 구현,check9: 이름 검색·상태 필터
QC-032,Medium,일관성,관리자 화면,모든 관리자 화면을 admin-page-head 형식으로 통일,렌더 확인
QC-033,Medium,일관성,목록 화면,주소록·머니로그에 공통 ListFilterBar 적용,빌드 + 렌더 확인
QC-034,Medium,어색함,설정>테마,미리보기 영역에 aria-hidden과 '실제로 눌리지 않아요' 안내 추가,렌더 확인
QC-035,Medium,어색함,법적 고지,확인했어요 버튼에 뒤로가기/홈 이동 연결,빌드 확인
QC-036,Medium,어색함,시스템 화면,권한 요청을 실제 getUserMedia 호출로 연결하고 거부 시 대체 경로 안내,빌드 확인
QC-037,Low,어색함,설정>휴지통,다른 설정 구역과 동일한 setting-head 제목 추가,렌더 확인
QC-038,Low,어색함,공유 첨부,파일별로 구분되는 색상 썸네일과 확장자 표시 (다크 테마 대응),렌더 확인
QC-039,Low,어색함,집중 모드,세션 수·누적 시간을 실제 타이머 상태와 연동,check9: 완료 시 세션 누적
QC-040,Low,접근성,전역,아이콘 전용 버튼에 aria-label 일괄 추가,정적 검사
QC-041,Low,접근성,전역,toggle을 button role=switch + aria-checked로 전환 (키보드 조작 가능),check9: span 토글 0건·aria 누락 0건
QC-042,Low,일관성,전역,위험 삭제(할 일·공수 항목 등)에 확인 절차 통일,check9: 위험 삭제 전부 confirm
